,Young-1,Young-2,Young-3,Young-4,Young-5,Old-1,Old-2,Old-3,Old-4,Old-5
Lactic acid,0.225585325,0.217333933,0.169365125,0.231525651,0.224748872,0.243354395,0.228333419,0.186296691,0.195701049,0.219346315
2-Hydroxyisobutyric acid,0,0,0,0,0,0,0,0,0,0.000141745
3-Hydroxybutyric acid,0.001455232,0.001443166,0.001182724,0.00096359,0.001122551,0.002181388,0.00126583,0.00104279,0.001133621,0.001810175
Fumaric acid,0.002153938,0.002058432,0.001637814,0.001668941,0.001699128,0.002474962,0.002300558,0.001874621,0.001578476,0.002008705
2-Oxoisovaleric acid,0,0,0,0,0,0,0.000299125,0,0,0
Succinic acid,0.012058389,0.009878876,0.010095181,0.010450312,0.012025181,0.013137761,0.009494816,0.010798795,0.011698267,0.012327049
2-Hydroxyvaleric acid,0.000229645,0.000216186,0.000216507,0.000189291,0.000180069,0.000214485,0.000173109,0.000166795,0.000173198,0.000173822
Isethionic acid,0.000417758,0.00035158,0.000327733,0.000354347,0.000369896,0.000469804,0.00047267,0.000412485,0.000442618,0.000482453
5-Oxoproline,0.000310265,0.000193547,0.000175328,0.000206424,0.000211559,0.000217494,0.000306974,0.000225966,0.000340131,0.000170354
4-Methyl-2-oxovaleric acid 3-Methyl-2-oxovaleric acid,0.000434045,0,0,0.000286235,0,0.000616377,0.000554645,0,0.000398759,0.000468582
Malic acid,0.017727848,0.01576252,0.011477006,0.014119976,0.013168134,0.018906942,0.017698511,0.014813452,0.012163261,0.015713325
Threonic acid,0.000178341,0.000164692,0.000160895,0.000203499,0.000196923,0.000256179,0.000245492,0.000244833,0.000177674,0.000208933
p-Toluic acid m-Toluic acid o-Toluic acid,0.000337138,0.000191771,0.000161744,0.000231078,0,0.000350741,0.000282555,0.000252551,0.000320887,0.000293026
Ethanolamine phosphate,0.000699928,0.000981051,0.000730606,0.000796027,0.000659072,0.000966688,0.000923101,0.000996911,0.001052168,0.000793685
Octanoic acid,0,0,0,0,0,0.000186976,0,0,0.000212582,0
2-Hydroxyglutaric acid,0.000736981,0.000638793,0.00051707,0.000546564,0.000516258,0.00075908,0.000759585,0.000580567,0.00062969,0.000984846
Pelargonic acid,0.000372969,0.000278778,0.000261082,0.000254478,0.000340624,0.000341285,0.000319183,0.000288997,0.000385333,0.000357614
Terephthalic acid,0.000288278,0.000326277,0.00028061,0.000290832,0.000322883,0.000333118,0.00033488,0.000337878,0.000301642,0.000301696
Uric acid,0.000338767,0.000243709,0.000244101,0.000218124,0.000233292,0.000385988,0.000287788,0.000251693,0.000365193,0.000408763
Dihydroxyacetone phosphate,0.013590983,0.015495727,0.00708106,0.017098914,0.018284147,0.00870879,0.007580591,0.008341464,0.007360255,0.008304005
Glycerol 3-phosphate,0.025406291,0.021746489,0.022915806,0.021738019,0.021795502,0.016775844,0.021202109,0.017541343,0.015937372,0.020217956
N-Acetylaspartic acid,0.000333881,0.000722693,0.000368487,0.000478034,0.000369896,0.000448313,0.000404647,0.000662463,0.000736204,0.000637202
Ascorbic acid,0.001221108,0.002718533,0.002770444,0.001291612,0.001496439,0.001142059,0.00182876,0.001770428,0.000696821,0.000783282
XA0017,0.000149839,0,0.000111225,0,0,0,0,0,0.00016917,0
Citric acid,0.008261513,0.008912917,0.006617056,0.007330554,0.007209875,0.01005029,0.010011089,0.009433563,0.009356286,0.012050061
Lauric acid,0.00047802,0.000475433,0.000489052,0.000491406,0.000429328,0.000590587,0.000668452,0.000535974,0.000519147,0.000418733
Phosphocreatine,0.088448682,0.08149118,0.129866987,0.075470479,0.088833236,0.065998281,0.091409239,0.083877289,0.089831266,0.086803876
Pantothenic acid,0.000401064,0.000336487,0.000339619,0.000402819,0.000411144,0.000690307,0.000586041,0.000696337,0.000992645,0.000622031
XA0027,0.000194221,0,0,0.000180099,0,0.000180529,0,0.000163794,0.000238092,0
Ribulose 5-phosphate,0.000530138,0.000577533,0.000374006,0.000511463,0.000427554,0.000560499,0.000445199,0.000380327,0.000369669,0.000430003
Ribose 5-phosphate,0.000232495,0,0,0.000201827,0.000276313,0.000193424,0,0,0,0
XA0033,0.000252854,0.000340926,0.000337921,0.000353929,0.000243049,0,0.000218457,0,0.000240777,0.00022974
Glucose 6-phosphate,0.087976363,0.032653915,0.067297243,0.031383528,0.044494456,0.069229744,0.054406711,0.052367618,0.045195346,0.09791894
Fructose 6-phosphate,0.022432309,0.008459681,0.019656735,0.00784327,0.01139272,0.018116054,0.014878191,0.014790726,0.012242476,0.025137419
Glucose 1-phosphate,0.005138507,0.002078852,0.004361135,0.001928433,0.002686849,0.004082527,0.003131654,0.003007026,0.002734474,0.005721818
myo-Inositol 1-phosphate myo-Inositol 3-phosphate,0.001447902,0.001340178,0.001321543,0.001037134,0.00108707,0.001839244,0.001892859,0.002132746,0.00227843,0.0019931
"Fructose 1,6-diphosphate",0.026137164,0.038289854,0.009885466,0.042076617,0.039311471,0.011992263,0.011471394,0.011568025,0.009896468,0.012643483
IMP,0.007275751,0.004517719,0.003149968,0.005409224,0.003117508,0.012191704,0.00489152,0.005119191,0.005167753,0.010182235
CoA_divalent,0.000395364,0.000497184,0.000435986,0.000333036,0.000301594,0.000368794,0.000384153,0.000361461,0.000452016,0.000417866
PRPP,0.000344874,0.000449686,0.00036976,0.000320918,0.000490091,0.00040533,0.000353194,0.000321584,0.000212582,0.00026355
FAD_divalent,0,0.000185112,0.00015198,0,0.000179182,0.000180959,0.000204068,0.000170225,0.000211687,0.000190727
Cholic acid,0,0,0,0,0,0,0,0,0.001294288,0
ADP,0.002171854,0.002389592,0.001716351,0.002580298,0.002139101,0.002123361,0.001812627,0.002714599,0.002161174,0.001739519
XA0065,0.000181191,0.000195766,0.00016047,0.000195142,0.000178739,0.000217924,0.000190114,0.000282136,0.000252413,0.000192895
CTP,0.000933237,0.000940211,0.000931406,0.000911357,0.001022759,0.001000215,0.000860747,0.001034643,0.000898214,0.000948001
UTP,0.004389311,0.004212306,0.004349673,0.004306904,0.004488431,0.003095207,0.003043137,0.003816132,0.003560634,0.003434391
ATP,0.21578063,0.20119231,0.212911948,0.203129001,0.204649837,0.188138835,0.19016099,0.197490392,0.195325563,0.18737956
Taurocholic acid,0,0,0,0,0,0,0,0,0.000349082,0
GTP,0.002940594,0.003053245,0.003245486,0.002791318,0.00274362,0.002594025,0.002452737,0.003125369,0.002907672,0.002524535
ADP-ribose,0.001783819,0.001976308,0.001456117,0.002273169,0.002646489,0.001652267,0.001823964,0.001421831,0.001312637,0.001618581
UDP-glucose UDP-galactose,0.000603428,0.00050695,0.000634663,0.000609243,0.000571255,0.000587148,0.000611331,0.000732354,0.000704877,0.000770712
UDP-N-acetylgalactosamine UDP-N-acetylglucosamine,0.000571262,0.000589963,0.000559098,0.000625957,0.000514484,0.000623254,0.000495344,0.000666751,0.000874047,0.000554409
CMP-N-acetylneuraminate,0.000205622,0.00017579,0.000203347,0.000169652,0.000228413,0.000247582,0.000224126,0.000246548,0.000226903,0.000224105
NAD+,0.011533138,0.010754275,0.011795824,0.011792484,0.011074272,0.008474103,0.008346717,0.008676769,0.009205912,0.008907396
NADH,0.000174677,0.000262354,0.000173206,0.000157534,0.000230187,0.000131528,0,0,0,0
NADP+,0.000267512,0.000297423,0.000288676,0.000261582,0.000228413,0.000299592,0.000289532,0.000243975,0.00032939,0.00027222
Urea,0.287599621,0.26409923,0.234294622,0.229508387,0.218531955,0.296106109,0.339586387,0.259119785,0.162260456,0.387001955
Ethanolamine,0.00126733,0.001204896,0.001446817,0.001318349,0.001368862,0.000804128,0.000992207,0.001161391,0.0024915,0.000895842
XC0001,6.8556e-05,5.93e-05,3.98e-05,0,4.01e-05,0,0,0,0,0
Gly,0.123926184,0.11469103,0.140758486,0.108449177,0.116073671,0.08372462,0.102114987,0.102054807,0.086934674,0.062390029
Trimethylamine,0.000559534,0.000494186,0.000525544,0.000555851,0.000551867,0.000722767,0.000713368,0.000597128,0.000306451,0.000860187
4-Methylpyrazole,0,0,0.000157837,0,0.000107863,0,0.000105495,0,0.000133874,0.000138861
Putrescine,0.000133162,0.000166755,0.00020278,0.000263165,0.000284794,0.000226209,0.000180567,0.000278973,0.000208322,0.000294031
beta-Ala,0.006086193,0.00784155,0.007757955,0.00626067,0.006846053,0.005404896,0.004890269,0.004558951,0.0028018,0.004537008
Sarcosine,0.001418268,0.00122356,0.00141438,0.001519364,0.001326978,0.001091984,0.00092071,0.000998866,0.000652865,0.001031825
Ala,0.101164254,0.122208009,0.142220886,0.125909341,0.125992648,0.093919565,0.112475018,0.107963,0.094684026,0.104630175
Glycerol,0.08445494,0.06144942,0.080058329,0.053967898,0.051787319,0.047820813,0.080659963,0.07566278,0.058109663,0.077650437
1-Aminocyclopropane-1-carboxylic acid Homoserinelactone,0.000110097,0.000125209,0.000100387,8.97e-05,0,0.000129326,0.00012833,8.42e-05,0.000146824,0.000130707
2-Aminoisobutyric acid ,0.001039044,0.001458461,0.001379335,0.000751946,0.001039366,0.00077919,0.000890652,0.000795935,0.000716953,0.001234321
GABA,0.000431215,0,0,0,0,0.000530397,0,0,0.000469779,0.00056192
"N,N-Dimethylglycine",0.00070684,0,0,0,0,0.000808174,0,0,0,0
Choline,0.009525971,0.011429352,0.0109684,0.009031119,0.009386239,0.008048935,0.006884241,0.010232444,0.016837883,0.005868219
Ser,0.014789619,0.017794064,0.022915255,0.019263993,0.018709116,0.016991599,0.019350961,0.01717456,0.023835869,0.01717984
Diethanolamine,0.000157118,0.000222387,0.000313935,0.000171235,0.000159009,0.000702684,0.000754661,0.000383564,0.000362917,0.000304983
Hypotaurine,0.004155093,0.005103468,0.004426257,0.003625655,0.002887805,0.003532545,0.003975177,0.003579741,0.009307362,0.002578003
Histamine,0.000955005,0.001298857,0.000914451,0.000986496,0.000759942,0.002514345,0.002854493,0.002227341,0.003168342,0.002225614
Creatinine,0.004086664,0.003781229,0.004335902,0.003824922,0.003759369,0.003242482,0.003639431,0.003755348,0.00351002,0.004733428
Pro,0.024088132,0.033669376,0.035476136,0.026420912,0.028663332,0.024026674,0.028646631,0.024001129,0.026841328,0.02520804
Val,0.026417762,0.03816203,0.033494546,0.029692767,0.029840161,0.034111273,0.036628063,0.026485018,0.027756687,0.035040555
Betaine,0.010109525,0.013145596,0.011037487,0.008812625,0.008257066,0.009648143,0.011151462,0.010724917,0.016942155,0.00837907
Thr,0.016814888,0.025212363,0.027832144,0.023261768,0.020706296,0.023645171,0.023878491,0.01793402,0.018281779,0.022651062
Homoserine,0.00019643,0.000357893,0.000295877,0.000265884,0,0,0.000247541,0,0,0
Nicotinamide,0.01081095,0.012876872,0.010330966,0.013992926,0.013291394,0.011179231,0.013157034,0.010266792,0.010208881,0.011278205
Taurine,0.243772267,0.262383701,0.255182674,0.243106339,0.248392789,0.269103917,0.278780274,0.247790071,0.274935202,0.286509872
1-Methylhistamine,3.81e-05,3.19e-05,3.42e-05,3.31e-05,2.93e-05,0.000188618,0.000200192,0.000117351,0.000167768,0.000151332
XC0016,0.00027913,0.000211089,0.00025488,0.000255267,0.000265865,0.000330597,0.000252867,0.000316995,0.000373795,0.00039244
Pipecolic acid,0.001399727,0.001370435,0.001374921,0.001477349,0.001329999,0.001368438,0.001930135,0.001277259,0.000863037,0.001748594
trans-Glutaconic acid,0.000678169,0,0,0,0,0.00063574,0.000742623,0,0.000516623,0.000885609
Hydroxyproline,0.029620461,0.032984409,0.030503535,0.030772617,0.025565036,0.009875824,0.013044973,0.009017243,0.009553056,0.009421208
Leu,0.020224848,0.031281107,0.025188642,0.023820532,0.021188022,0.028920963,0.029130551,0.023092226,0.025643718,0.031570147
Ile,0.012967661,0.018314994,0.014384433,0.013379911,0.011419127,0.017640139,0.015559927,0.015080228,0.014876549,0.016248583
6-Aminohexanoic acid,0.000165528,0.000417244,0.00032069,0.000222573,0.000267275,0,0,0,0,0
Asn,0.003513304,0.004317318,0.005524896,0.004601598,0.005040772,0.003788253,0.004347692,0.003695287,0.006189342,0.004400465
Gly-Gly,0.000205604,0.000172332,0.000203115,0.000158676,0.000262442,0.000178761,0.000149196,0.000272529,0.00028129,0.000263332
Creatine,0.074961909,0.07373407,0.065388317,0.077197944,0.073288459,0.071844103,0.070687112,0.065059339,0.069016108,0.070884377
Ornithine,0.001965442,0.003410321,0.003464254,0.002334302,0.002206865,0.001939883,0.002209704,0.00114528,0.001274427,0.002415639
Asp,0.005851981,0.0078221,0.00780029,0.007701765,0.00557512,0.005425421,0.010237172,0.007785287,0.005202422,0.005969747
S-Methylcysteine,0.000125962,0.000132717,0.000153022,0.000117372,0.000142967,0.000121822,0.000147299,0.000171289,8.94e-05,0
Adenine,0.000424971,0.000392574,0.000386567,0.000327386,0.000350371,0.000452934,0.000307292,0.000317704,0.000412573,0.000353268
Hypoxanthine,0.000601267,0.000657151,0.00037493,0.000537271,0.000412592,0.000742629,0.000654784,0.000500399,0.000544227,0.000552726
1-Methylnicotinamide,0.00010328,0.000146804,9.61e-05,0.000125788,0.000113703,7.83e-05,5.3e-05,9.32e-05,6.06e-05,0
Trigonelline,0.000474859,0.000428471,0.000448498,0.000524452,0.000321374,0.000402542,0.000559795,0.000344512,0.000293871,0.000654094
Urocanic acid,0.000326852,9.45e-05,0,0.0001142,0.000128603,0,0.000266729,0.000184242,0.000285804,0
Stachydrine,0.002485728,0.001886646,0.001776201,0.00172038,0.001398663,0.002262535,0.002952838,0.002321621,0.002273409,0.002753798
4-Guanidinobutyric acid,0.000124114,0,0,0.000124817,0.000124979,0,0.000134896,0.000123859,0,0.000127749
Acetylcholine,0.000105637,0.000124494,0.000118244,9.44e-05,0,0.000192885,0.000165757,0.000205444,0.000204178,0.000251421
gamma-Butyrobetaine,0.003036215,0.002663643,0.002712322,0.002670363,0.002800347,0.002402307,0.003072633,0.002633654,0.004023091,0.002770026
Spermidine,0.000745515,0.001085908,0.000603927,0.000876634,0.000958082,0.000467426,0.000559941,0.000389622,0.000652273,0.000475981
Gln,0.103502485,0.111476495,0.12828388,0.106239046,0.113968964,0.130566443,0.135340071,0.13681359,0.163095519,0.127577985
Lys,0.033356381,0.045982343,0.048174723,0.042851787,0.035334871,0.038488701,0.038027148,0.018887711,0.034983198,0.030308886
threo-beta-Methylaspartic acid,0,0,0,0.000472596,0,0,0,0,0,0
Glu,0.058472216,0.074330654,0.061790303,0.060153211,0.05571355,0.057547522,0.085588461,0.06166616,0.048693145,0.052871691
Met,0.004629633,0.006467969,0.007103801,0.004787594,0.005747084,0.006181071,0.006149497,0.004088325,0.005153875,0.005967269
Triethanolamine,6.19e-05,0,0.00010246,0,0.000109407,7.09e-05,0,9.78e-05,0,0.000137102
His,0.009561396,0.010058345,0.011621216,0.010965656,0.009810308,0.011814751,0.01204744,0.01120579,0.017260225,0.012849565
N6-Methyllysine,0.001005276,0.001299572,0.001152946,0.001492368,0.001031781,0.000740201,0.000801718,0.000434152,0.000522692,0.000626514
O-Acetylhomoserine 2-Aminoadipic acid,0.000501491,0.000389357,0.000491702,0.000440486,0.00038185,0.000377972,0.000474582,0.000461734,0.000293353,0.000482776
Carnitine,0.02654812,0.029669764,0.027937079,0.029032233,0.02585238,0.018215704,0.028646047,0.021885339,0.028055072,0.026564514
5-Hydroxylysine,0.000129594,0.000181128,0.000163187,0.000201598,0.000132429,0.000180158,0.000233242,0,0.000103088,0.000187227
S-Methylmethionine,0,0,0,0,0,5.59e-05,0,0,0,0
Methionine sulfoxide,0.000485945,0.000415385,0.000439001,0.000492536,0.00033802,0.000703861,0.000473852,0.000245721,0.000271817,0.000690948
Phe,0.011291925,0.01289861,0.011284609,0.010045647,0.011198098,0.012767405,0.015618146,0.011102423,0.017415486,0.017239078
Taurocyamine,0.000580942,0.000643708,0.000819415,0.000480689,0.00066604,0.00018391,0,0,0,0
1-Methylhistidine 3-Methylhistidine,0.001527856,0.001505369,0.001749783,0.00167202,0.001346712,0.001373588,0.001837189,0.001449,0.001249487,0.001842367
N5-Ethylglutamine,0.000695308,0.000780573,0.000853992,0.000612174,0.000779407,0.000677893,0.000746782,0.000558978,0.00058974,0.000542973
Arg,0.014760948,0.018598592,0.019430134,0.017103581,0.014700864,0.018663489,0.024447332,0.006968666,0.023159471,0.016602331
Diethylaminomalonic acid,0.000275753,0.000284027,0.00033333,0.000308741,0.000329026,0.000225547,0.000336986,0.000268018,0.000295721,0.000307061
Citrulline,0.009306541,0.010032388,0.009348965,0.007733292,0.007490211,0.007368247,0.010135836,0.006528972,0.011339888,0.007394732
Serotonin,2.42e-05,0,3.06e-05,2.51e-05,0,0,5.63e-05,4.19e-05,3.89e-05,4.24e-05
Tyr,0.008856467,0.010866304,0.009004667,0.007010415,0.01190931,0.012013448,0.014779293,0.007836842,0.011827428,0.012615732
Phosphorylcholine,0.001716066,0.002216794,0.002081241,0.001838464,0.001442023,0.000897775,0.001388798,0.0010568,0.001274205,0.001407237
2-(Creatinine-3-yl)propionic acid,0,0,0,8.51e-05,0,0,0,0,0,0
N8-Acetylspermidine,0,2.6e-05,2.88e-05,0,0,4.36e-05,0,0,0,5.02e-05
N-Acetyllysine,0,0,0,0,0,0,0.000261111,0.000251843,0.000352112,0
N-omega-Methylarginine,5.91e-05,0,0,0,0,0,9.04e-05,0,0,0
"N6,N6,N6-Trimethyllysine",0.000935254,0.001112866,0.001281623,0.001325212,0.001182333,0.001051524,0.001387339,0.001180401,0.001216851,0.001018314
Homocitrulline,0.000435484,0.000460864,0.000417666,0.000442946,0.000392254,0.000436088,0.000478594,0.00045516,0.000335017,0.000361662
Gly-Asp,0.000214779,0.000274159,0.000280562,0.000253778,0.000233312,0.000300068,0.000237181,0.000308166,0.000266267,0.000246384
ADMA,0.000181584,0.000160248,0.000180442,0.000154532,0.000148807,0.000165446,0.000190927,0.000130819,0.000164585,0.000131187
SDMA,0,6.88e-05,7.97e-05,8.13e-05,8.8e-05,0,0,7.67e-05,8.02e-05,0
Spermine,0.000182285,0.000228823,0.000164458,0.00021215,0.00022472,0.000101445,8.33e-05,8.56e-05,0.000160515,0.000108003
O-Acetylcarnitine,0.031543533,0.031716443,0.028250078,0.02839002,0.028306451,0.026123911,0.030100725,0.024906424,0.028712377,0.029898458
Trp,0.00219118,0.002279292,0.002071142,0.001695196,0.0018524,0.002334775,0.002682608,0.001908929,0.002950326,0.00261006
Carboxymethyllysine,0.00030366,0.000262288,0.000269259,0.000288737,0.000263114,0.00185146,0.001545801,0.001330296,0.001088972,0.001113846
XC0061,0.000548767,0.000592223,0.000449902,0.000554815,0.000446957,0.000360464,0.00049676,0.000305588,0.000390446,0.000401634
beta-Ala-Lys,8.59e-05,0.000162035,0.000164124,0.00012404,0.000106454,0,0.000107538,5.79e-05,7.73e-05,0
Cystathionine,0,0,7.24e-05,9.52e-05,0,0,0,0,0,0
Carnosine,0.081533537,0.080733909,0.110211546,0.070151146,0.089097621,0.088812603,0.090440719,0.084697874,0.070439283,0.10625086
2'-Deoxycytidine,7.26e-05,5.56e-05,6.21e-05,4.97e-05,5.18e-05,4.68e-05,5.46e-05,6.21e-05,6.11e-05,7.23e-05
Butyrylcarnitine,0.000104937,0.000191782,0.000333932,0,0.000229486,0,0.000114833,0,0.000232521,0.000160845
XC0071,0,4.06e-05,0,6.25e-05,0,0,0,0,5.11e-05,0
Homocarnosine,0.048653098,0.043463502,0.054292578,0.038086788,0.04439403,0.073917211,0.081170658,0.081637414,0.089552721,0.097772021
Cytidine,0.000135838,0.000170187,0.000169407,0.00017389,0.000122831,0.000156765,0.000141535,0.000255452,0.000274778,0.000157328
Uridine,0.000275562,0.000238906,0,0.000226458,0.000210424,0.000229593,0.000212522,0.00022091,0.000255463,0
Isovalerylcarnitine,0,0,0.000192013,0,0,0,0,0,0,0
Malonylcarnitine,7.49e-05,6.91e-05,6.27e-05,8.94e-05,6.52e-05,0,0.000105203,6.35e-05,6.33e-05,7.71e-05
Pyridoxamine 5'-phosphate,0.000194837,0.000249846,0.000192013,0.000237269,0.000236936,0.000215469,0.000289491,0.000221877,0.000245546,0.00019666
Dyphylline,0.000816046,0.000554538,0.000583662,0.000592105,0.000449642,0.000489863,0.000526672,0.000521537,0.000481101,0.000784961
Glycerophosphocholine,0.002672219,0.00457739,0.003277859,0.003682431,0.003073461,0.003882857,0.004722834,0.005380212,0.00505582,0.004943758
Thiamine,0,0,2.13e-05,1.93e-05,0,3.81e-05,3.58e-05,0,0,3.9e-05
Adenosine,0.000897791,0.001679132,0.000886161,0.00117424,0.000954659,0.00161451,0.001823911,0.001172926,0.001484599,0.001373741
Inosine,0.001112824,0.001380089,0.00070184,0.001025534,0.000770681,0.001847928,0.001489624,0.00119271,0.001292928,0.001519637
Glu-Glu,3.91e-05,0,0,3.84e-05,0,3.86e-05,4.95e-05,4.3e-05,6.88e-05,0
1-Methyladenosine,4.06e-05,4.25e-05,3.71e-05,4.14e-05,5.14e-05,3.89e-05,0,3.85e-05,4.6e-05,0
Guanosine,3.09e-05,6.13e-05,0,4.13e-05,2.61e-05,6.41e-05,7.28e-05,6.04e-05,0.000105678,5.4e-05
Argininosuccinic acid,0.000183432,0.000185204,0.000162786,0.000149871,0.000126523,0.000304629,0.000439344,0.000115868,0.000306303,0.000263173
5'-Deoxy-5'-methylthioadenosine,4.22e-05,3.52e-05,4.77e-05,3.2e-05,2.3e-05,5.25e-05,3.98e-05,3.42e-05,4.93e-05,3.31e-05
Glutathione (GSSG)_divalent,0.023842515,0.01825314,0.026394824,0.025553018,0.024995852,0.030769406,0.030962851,0.027591374,0.023032184,0.024805047
Glutathione (GSH),0.024655821,0.027571743,0.022896996,0.020643132,0.014902092,0.01736935,0.017878117,0.019729658,0.015428621,0.020432163
XC0132,0.000247592,0.000231254,0.000197229,0.000205676,0.000195254,0.000139183,0.000183339,0.000139068,0.000177388,0.000165882
XC0137,0.000112646,0.000113124,0.000147002,0.00010423,7.26e-05,0.000163459,0.000193553,0.000107233,0.000139572,0.000185068
S-Lactoylglutathione,0.000376293,0.000459291,0.000198032,0.000355936,0.00020049,0.000200977,0.000198077,0.000359463,0.000202772,0.000217205
S-Adenosylhomocysteine,5.33e-05,3.73e-05,5.73e-05,3.58e-05,5.19e-05,6.22e-05,5.98e-05,4.29e-05,3.68e-05,3.91e-05
S-Adenosylmethionine,0.000509137,0.000462008,0.000449501,0.000467417,0.000366211,0.000631179,0.000588539,0.000628705,0.000637472,0.000522268
Cysteine glutathione disulfide,2.57e-05,3.01e-05,4.49e-05,2.29e-05,2.54e-05,5.1e-05,4.41e-05,5.13e-05,6.55e-05,3.41e-05
